id_produto,nome,tamanho,preco_varejo,preco_atacado,last_sync,dif_invertida
43515539,BIQUÍNI BELEZA,G,39.38,90.0,2026-03-08T22:00:58.860752+00:00,50.62
43515539,BIQUÍNI BELEZA,GG,39.38,90.0,2026-03-08T22:00:58.860752+00:00,50.62
43515539,BIQUÍNI BELEZA,P,39.38,90.0,2026-03-08T22:00:58.860752+00:00,50.62
43515539,BIQUÍNI BELEZA,M,39.38,90.0,2026-03-08T22:00:58.860752+00:00,50.62
40483859,BIQUINI BELA,P,34.13,77.0,2026-03-08T22:00:58.860752+00:00,42.87
51115635,LEGGING TRIFIL ESPORTIVA,M,55.91,93.5,2026-03-08T22:00:40.21887+00:00,37.59
40215372,MAIO BOJO TRADICINAL,G,47.25,77.0,2026-03-08T22:01:15.929386+00:00,29.75
53941035,LEGGING POLI ELLYS,M,34.65,63.75,2026-01-24T15:14:16.359747+00:00,29.1
53941035,LEGGING POLI ELLYS,G,34.65,63.75,2026-01-24T15:14:16.438802+00:00,29.1
53941035,LEGGING POLI ELLYS,GG,34.65,63.75,2026-01-24T15:14:16.518352+00:00,29.1
8060703,MACAQUINHO SEM BOJO,G,21.32,49.0,2026-03-08T22:02:08.380088+00:00,27.68
40218332,BIQUINI ASTRA,M,40.22,66.5,2026-03-08T22:01:15.929386+00:00,26.28
40216629,SAIA DE PRAIA TULE,UNICO,26.25,52.5,2026-03-08T22:01:15.929386+00:00,26.25
40448730,MAIO TRANÇADO,M,47.25,70.0,2026-03-08T22:01:15.929386+00:00,22.75
19843623,CONJUNTO SHORT DONA FIT POLIAMIDA,UNICO,47.25,70.0,2026-03-08T22:01:50.954448+00:00,22.75
19843664,CONJUNTO LEG FITNESS POLIESTER,G,57.75,80.0,2026-03-08T22:01:50.954448+00:00,22.25
25570415,CALÇA LEGGING IVETE,M,21.0,42.0,2026-03-08T22:01:33.471974+00:00,21.0
25570415,CALÇA LEGGING IVETE,G,21.0,42.0,2026-03-08T22:01:33.471974+00:00,21.0
25570415,CALÇA LEGGING IVETE,GG,21.0,42.0,2026-03-08T22:01:33.471974+00:00,21.0
6742657,BLUSA RECORTE TRIFIL,GG,27.25,45.5,2026-03-08T22:02:19.054394+00:00,18.25
19843702,CONJUNTO SHORT FITNESS POLIESTER,G,52.5,70.0,2026-03-08T22:01:50.954448+00:00,17.5
19843702,CONJUNTO SHORT FITNESS POLIESTER,M,52.5,70.0,2026-03-08T22:01:50.954448+00:00,17.5
9121456,SAÍDA DE PRAIA,M,25.1,42.0,2026-03-08T22:02:08.380088+00:00,16.9
9121456,SAÍDA DE PRAIA,G,25.1,42.0,2026-03-08T22:02:08.380088+00:00,16.9
9121456,SAÍDA DE PRAIA,P,25.1,42.0,2026-03-08T22:02:08.380088+00:00,16.9
8060515,MACAQUINHO BOJO,M,21.63,38.5,2026-03-08T22:02:19.054394+00:00,16.87
8060525,MACACÃO BOJO,M,25.73,42.0,2026-03-08T22:02:19.054394+00:00,16.27
9121477,CUECA PLUS PRAIA,130,18.9,35.0,2026-03-08T22:02:08.380088+00:00,16.1
9121477,CUECA PLUS PRAIA,120,18.9,35.0,2026-03-08T22:02:08.380088+00:00,16.1
9121477,CUECA PLUS PRAIA,150,18.9,35.0,2026-03-08T22:02:08.380088+00:00,16.1
40324395,SAIDA PLUS RENDA,M,26.25,42.0,2026-03-08T22:01:15.929386+00:00,15.75
40453621,BIQUINI INFANTIL CIGANINHA,G,27.56,42.0,2026-03-08T22:00:58.860752+00:00,14.44
40453621,BIQUINI INFANTIL CIGANINHA,P,27.56,42.0,2026-03-08T22:00:58.860752+00:00,14.44
40453621,BIQUINI INFANTIL CIGANINHA,M,27.56,42.0,2026-03-08T22:00:58.860752+00:00,14.44
40449023,BIQUINI INFANTIL FRUFRU,M,27.56,42.0,2026-03-08T22:00:58.860752+00:00,14.44
40449023,BIQUINI INFANTIL FRUFRU,GG,27.56,42.0,2026-03-08T22:00:58.860752+00:00,14.44
11106585,BIQUINI ISABELA,P,20.74,35.0,2026-03-08T22:02:08.380088+00:00,14.26
8494783,MAIO INFANTIL,M,21.11,35.0,2026-03-08T22:02:08.380088+00:00,13.89
8494783,MAIO INFANTIL,P,21.11,35.0,2026-03-08T22:02:08.380088+00:00,13.89
57136279,BIQUINI MARQUINHA,G,21.32,35.0,2026-01-24T15:13:56.387425+00:00,13.68
57136279,BIQUINI MARQUINHA,P,21.32,35.0,2026-01-24T15:13:56.230406+00:00,13.68
17953827,CALÇA PATY POLIESTER,P,21.32,35.0,2026-03-08T22:01:50.954448+00:00,13.68
17953827,CALÇA PATY POLIESTER,M,21.32,35.0,2026-03-08T22:01:50.954448+00:00,13.68
57136279,BIQUINI MARQUINHA,G,21.32,35.0,2026-03-08T22:00:40.21887+00:00,13.68
57136279,BIQUINI MARQUINHA,M,21.32,35.0,2026-01-24T15:13:56.30752+00:00,13.68
57136279,BIQUINI MARQUINHA,GG,21.32,35.0,2026-01-24T15:13:56.453477+00:00,13.68
8060700,MACACÃO S/BOJO,M,22.05,35.0,2026-03-08T22:02:08.380088+00:00,12.95
31329434,BIQUINI SEM BOJO,P,15.54,28.0,2026-03-08T22:01:33.471974+00:00,12.46
31329434,BIQUINI SEM BOJO,M,15.54,28.0,2026-03-08T22:01:33.471974+00:00,12.46
40453525,MAIO INFANTIL MARIE,G,30.19,42.0,2026-03-08T22:00:58.860752+00:00,11.81
19843600,CONJUNTO LEG DONA FIT POLIAMIDA,UNICO,68.25,80.0,2026-03-08T22:01:50.954448+00:00,11.75
8060648,TOPER MEIA ARGOLA,G/GG,9.77,21.0,2026-03-08T22:02:19.054394+00:00,11.23
21739110,CONJUNTO FITNESS LUMA,M,23.94,35.0,2026-03-08T22:01:50.954448+00:00,11.06
21739110,CONJUNTO FITNESS LUMA,G,23.94,35.0,2026-03-08T22:01:50.954448+00:00,11.06
34176455,BOLINHA SKENTA SFRIA 03 UN,ÚNICO,3.44,14.0,2026-03-03T18:27:04.497409+00:00,10.56
25058451,TRIBALL BOLINHA BEIJAVEL UVA 12G 03 UNIDADES SOFT LOVE,ÚNICO,3.78,14.0,2026-03-08T22:01:33.471974+00:00,10.22
9787775,CAMISA MANGA PATRICIA,M,21.32,31.5,2026-03-08T22:02:08.380088+00:00,10.18
16971464,SHORT SAIA,GG,21.53,31.5,2026-03-08T22:01:50.954448+00:00,9.97
8060516,LEGGING PROMOÇÃO,P,11.24,21.0,2026-03-08T22:02:19.054394+00:00,9.76
41377105,BIQUINI BOJO ADULTO,M,18.8,28.0,2026-03-08T22:00:58.860752+00:00,9.2
17066385,SUNGA INFANTIL ELLYS,P,12.08,21.0,2026-01-24T15:16:08.497292+00:00,8.92
17066385,SUNGA INFANTIL ELLYS,M,12.08,21.0,2026-01-24T15:16:08.578134+00:00,8.92
17066385,SUNGA INFANTIL ELLYS,G,12.08,21.0,2026-01-24T15:16:08.650148+00:00,8.92
17066385,SUNGA INFANTIL ELLYS,GG,12.08,21.0,2026-01-24T15:16:08.719102+00:00,8.92
30638419,CONJUNTO AMEVEST REF 4017,P,19.22,28.0,2026-03-08T22:01:33.471974+00:00,8.78
8290049,BLUSA COTTON,P,9.14,17.5,2026-03-08T22:02:08.380088+00:00,8.36
8290049,BLUSA COTTON,M,9.14,17.5,2026-03-08T22:02:08.380088+00:00,8.36
29900517,SUTIÃ ANITA,G,13.49,21.0,2026-03-08T22:01:33.471974+00:00,7.51
8496805,BIQUINI FIO ROBERMAM,P,10.71,17.5,2026-03-08T22:02:08.380088+00:00,6.79
8060689,CAMISETA GATA CHARMOSA,P,14.49,21.0,2026-03-08T22:02:08.380088+00:00,6.51
34966258,TANGA AGS REF0082,M,5.57,10.5,2026-03-15T17:55:55.119553+00:00,4.93
8496693,TOP VAL,M,9.45,14.0,2026-03-08T22:02:08.380088+00:00,4.55
8060614,CALCINHA COTTON 2 LAÇOS,M,5.0,7.0,2026-05-07T01:46:50.722086+00:00,2.0
8060614,CALCINHA COTTON 2 LAÇOS,GG,5.0,7.0,2026-03-15T15:35:56.311406+00:00,2.0
8060614,CALCINHA COTTON 2 LAÇOS,GG,5.0,7.0,2026-03-14T21:31:12.564516+00:00,2.0
8060614,CALCINHA COTTON 2 LAÇOS,P,5.0,7.0,2026-03-08T22:02:19.054394+00:00,2.0
8060614,CALCINHA COTTON 2 LAÇOS,P,5.0,7.0,2026-03-14T21:31:12.564516+00:00,2.0
8060614,CALCINHA COTTON 2 LAÇOS,G,5.0,7.0,2026-03-08T22:02:19.054394+00:00,2.0
8060614,CALCINHA COTTON 2 LAÇOS,G,5.0,7.0,2026-03-15T15:35:56.311406+00:00,2.0
8060614,CALCINHA COTTON 2 LAÇOS,P,5.0,7.0,2026-03-15T15:35:56.311406+00:00,2.0
8060614,CALCINHA COTTON 2 LAÇOS,M,5.0,7.0,2026-03-08T22:02:19.054394+00:00,2.0
8060614,CALCINHA COTTON 2 LAÇOS,G,5.0,7.0,2026-05-07T01:47:18.315435+00:00,2.0
8060614,CALCINHA COTTON 2 LAÇOS,M,5.0,7.0,2026-05-07T01:47:18.315435+00:00,2.0
8060614,CALCINHA COTTON 2 LAÇOS,GG,5.0,7.0,2026-03-08T22:02:19.054394+00:00,2.0
8114113,CALCINHA INFANTIL MALHA,P,4.0,5.0,2026-03-15T15:25:56.859951+00:00,1.0
8114113,CALCINHA INFANTIL MALHA,G,4.0,5.0,2026-03-15T15:25:56.859951+00:00,1.0
8114113,CALCINHA INFANTIL MALHA,P,4.0,5.0,2026-04-03T17:57:43.140644+00:00,1.0
8114113,CALCINHA INFANTIL MALHA,M,4.0,5.0,2026-03-08T22:02:08.380088+00:00,1.0
8114113,CALCINHA INFANTIL MALHA,G,4.0,5.0,2026-03-14T21:11:14.763197+00:00,1.0
8114113,CALCINHA INFANTIL MALHA,GG,4.0,5.0,2026-03-08T22:02:08.380088+00:00,1.0
8114113,CALCINHA INFANTIL MALHA,P,4.0,5.0,2026-03-08T22:02:08.380088+00:00,1.0
8114113,CALCINHA INFANTIL MALHA,GG,4.0,5.0,2026-03-15T15:25:56.859951+00:00,1.0
8114113,CALCINHA INFANTIL MALHA,M,4.0,5.0,2026-03-14T21:11:14.763197+00:00,1.0
8114113,CALCINHA INFANTIL MALHA,M,4.0,5.0,2026-03-15T15:25:56.859951+00:00,1.0
8114113,CALCINHA INFANTIL MALHA,GG,4.0,5.0,2026-03-14T21:11:14.763197+00:00,1.0
8114113,CALCINHA INFANTIL MALHA,G,4.0,5.0,2026-03-08T22:02:08.380088+00:00,1.0
86521952,FIO DENTAL SECRETINHA PERSONALIZAVEL VERMELHO TALLYTA,ÚNICO,20.0,20.0,2026-03-03T18:26:48.910877+00:00,0.0
86521936,FIO DENTAL PERSONALIZAVEL PRETO BRILHA TALLYTA,ÚNICO,25.0,25.0,2026-03-03T18:26:48.910877+00:00,0.0
85292742,PILHA SM,ÚNICO,5.0,5.0,2026-03-03T18:26:48.910877+00:00,0.0
85043648,PEÇAS PROMOÇAO,ÚNICO,15.0,15.0,2026-03-03T18:26:48.910877+00:00,0.0
52519314,CAMISOLA DE BOTÃO MANGA,G,55.0,55.0,2026-03-08T22:02:23.20962+00:00,0.0
86521935,LETRAS METAL CALCINHA PERSONALIZAVEL TALLYTA,ÚNICO,3.5,3.5,2026-03-03T18:26:48.910877+00:00,0.0
85042514,PEÇAS PROMOÇAO,ÚNICO,10.0,10.0,2026-03-03T18:26:48.910877+00:00,0.0
85042483,PEÇAS PROMOÇAO,ÚNICO,25.0,25.0,2026-03-03T18:26:48.910877+00:00,0.0
30640495,SHORT TEXTURIZADO,G,15.65,15.65,2026-03-08T22:01:33.471974+00:00,0.0
30640715,TOP TEXTURIZADO,G,15.12,15.12,2026-03-08T22:01:33.471974+00:00,0.0
